{"initial_reset_timestamp": 1564913050.8027225, "timestamps": [1564913051.613677, 1564913051.6972456, 1564913051.7066412, 1564913051.7160213, 1564913051.7254293, 1564913051.7347047, 1564913051.7439125, 1564913051.7531164, 1564913051.7792058, 1564913051.8047626, 1564913053.923053, 1564913054.014791, 1564913054.0244417, 1564913054.0337346, 1564913054.0932302, 1564913054.1895037, 1564913055.063004, 1564913055.2962759, 1564913055.5326092, 1564913055.98099, 1564913056.7441971, 1564913056.931325, 1564913057.0457134, 1564913057.1360066, 1564913057.2264237, 1564913057.3132195, 1564913057.3980691, 1564913057.7852862, 1564913058.0386214, 1564913058.1277514, 1564913058.8956912, 1564913059.0683217, 1564913059.1818497, 1564913059.5236735, 1564913059.607904, 1564913059.692413, 1564913059.7811332, 1564913059.8828516, 1564913059.9704525, 1564913060.0553026, 1564913060.822182, 1564913060.972127, 1564913061.066792, 1564913061.1594472, 1564913061.4201305, 1564913061.5071306, 1564913061.5938103, 1564913061.6786084, 1564913061.7642374, 1564913061.853301, 1564913062.6109128, 1564913062.774622, 1564913063.0228605, 1564913063.1078832, 1564913063.1927648, 1564913063.2858882, 1564913063.391362, 1564913063.4857666, 1564913063.7202241, 1564913063.954655, 1564913064.7098522, 1564913064.9204254, 1564913065.0397174, 1564913065.130144, 1564913065.2217734, 1564913065.315149, 1564913065.4062314, 1564913065.4966078, 1564913065.5812602, 1564913065.6682298, 1564913066.444728, 1564913066.6029196, 1564913067.002207, 1564913067.088544, 1564913067.1747198, 1564913067.4248917, 1564913067.66211, 1564913067.7466385, 1564913067.8313549, 1564913067.9167457, 1564913068.6620126, 1564913068.8271554, 1564913069.0782511, 1564913069.1640797, 1564913069.3982663, 1564913069.774903, 1564913070.010019, 1564913070.2455766, 1564913070.4790926, 1564913070.7159727, 1564913071.4790971, 1564913072.0953925, 1564913072.1804006, 1564913072.264675, 1564913072.777923, 1564913072.8701923, 1564913072.9560158, 1564913073.0407155, 1564913073.125806, 1564913073.3600235, 1564913076.3618994, 1564913076.5285475, 1564913076.6232588, 1564913076.7078583, 1564913077.0850008, 1564913077.1688993, 1564913077.2524397, 1564913077.6269207, 1564913077.8617125, 1564913077.94631, 1564913078.709868, 1564913079.0289342, 1564913079.113783, 1564913079.1986256, 1564913079.2832444, 1564913079.3677888, 1564913079.4524372, 1564913079.5374157, 1564913079.7733955, 1564913080.0066595, 1564913084.6595118, 1564913084.8160734, 1564913085.0620408, 1564913085.295642, 1564913085.5301669, 1564913085.6144824, 1564913085.8600178, 1564913086.0953436, 1564913086.3441913, 1564913086.6219935, 1564913087.3930202, 1564913087.5647619, 1564913087.6646056, 1564913087.9626272, 1564913088.052664, 1564913088.5708082, 1564913088.9057736, 1564913088.9896598, 1564913089.0736692, 1564913089.306572, 1564913093.959182, 1564913094.2915576, 1564913094.6726959, 1564913095.0117273, 1564913095.5218976, 1564913095.910735, 1564913096.1640112, 1564913096.6165648, 1564913096.8756077, 1564913097.1345923, 1564913099.2783377, 1564913099.4867442, 1564913099.740663, 1564913100.0664527, 1564913100.1622531, 1564913100.9424284, 1564913101.033759, 1564913101.964511, 1564913102.0495005, 1564913102.1348522, 1564913105.5781887, 1564913106.2062154, 1564913106.2915542, 1564913106.3772721, 1564913106.4627123, 1564913106.6971893, 1564913106.7823796, 1564913107.169127, 1564913107.5470977, 1564913107.7820387, 1564913109.9119623, 1564913110.0741618, 1564913110.4633372, 1564913110.6998782, 1564913110.784881, 1564913111.0204844, 1564913111.1049705, 1564913111.1899073, 1564913111.2741888, 1564913111.5087507, 1564913112.2799094, 1564913112.4482205, 1564913112.542283, 1564913112.6279087, 1564913112.7131844, 1564913112.7995558, 1564913112.8882248, 1564913113.1248734, 1564913113.2094562, 1564913113.2935646, 1564913115.4285612, 1564913115.591218, 1564913115.690541, 1564913115.7776482, 1564913116.0142388, 1564913116.2504282, 1564913116.3345604, 1564913116.715327, 1564913116.801837, 1564913117.0391707, 1564913117.7966597, 1564913118.1469991, 1564913118.233037, 1564913118.473504, 1564913118.7115707, 1564913118.7963166, 1564913118.881196, 1564913118.9662557, 1564913119.203397, 1564913119.4386802, 1564913120.196512, 1564913120.3671176, 1564913120.6231563, 1564913120.8608806, 1564913120.946269, 1564913121.0318704, 1564913121.1168725, 1564913121.3521507, 1564913121.7383506, 1564913121.975391, 1564913124.1759021, 1564913124.3424537, 1564913124.5963569, 1564913124.8342578, 1564913124.9522927, 1564913125.3509645, 1564913125.4389365, 1564913125.7003596, 1564913125.794371, 1564913126.0518281, 1564913126.809205, 1564913127.1496031, 1564913127.4213886, 1564913127.5154238, 1564913127.6020422, 1564913128.277659, 1564913128.5229757, 1564913128.771184, 1564913128.8598492, 1564913129.0984147, 1564913131.2945244, 1564913131.6210456, 1564913131.862539, 1564913132.1014447, 1564913132.186711, 1564913132.271662, 1564913132.3596473, 1564913132.8819654, 1564913133.1214895, 1564913133.2101765, 1564913135.3419929, 1564913135.5161958, 1564913135.7829232, 1564913135.8757284, 1564913136.1975873, 1564913136.2881155, 1564913136.37867, 1564913136.6365833, 1564913136.7478726, 1564913136.8681347, 1564913141.5419815, 1564913142.0709014, 1564913142.5166771, 1564913142.917306, 1564913143.0783224, 1564913143.7798064, 1564913143.949468, 1564913144.352323, 1564913144.786044, 1564913145.5837526, 1564913146.3438528, 1564913147.271339, 1564913147.5939596, 1564913148.1962914, 1564913148.6530378, 1564913149.5032313, 1564913149.866318, 1564913150.6984217, 1564913151.2702472, 1564913151.8860781, 1564913152.6586978, 1564913153.3440716, 1564913153.9385464, 1564913154.2059731, 1564913154.655217, 1564913155.2671068, 1564913155.831307, 1564913156.6494496, 1564913157.1656394, 1564913157.660222, 1564913171.7248724, 1564913172.2973988, 1564913172.6277997, 1564913172.8897915, 1564913173.3024015, 1564913174.2329743, 1564913174.895383, 1564913175.4312563, 1564913176.0994065, 1564913176.1907623, 1564913176.9612272, 1564913177.12227, 1564913177.2635338, 1564913177.3604023, 1564913177.4466126, 1564913177.9762123, 1564913178.2151027, 1564913178.6013653, 1564913179.1297557, 1564913179.786048, 1564913181.9091105, 1564913182.074295, 1564913182.1738846, 1564913182.417276, 1564913182.947906, 1564913183.04028, 1564913183.1270363, 1564913183.2171006, 1564913183.460962, 1564913183.7038753, 1564913185.8274732, 1564913186.0462058, 1564913186.1656098, 1564913186.6960852, 1564913187.2678804, 1564913187.5155985, 1564913187.9426312, 1564913188.210584, 1564913188.46617, 1564913188.7155142, 1564913198.5410535, 1564913199.5006704],