{"initial_reset_timestamp": 1564913322.083339, "timestamps": [1564913324.242168, 1564913324.3434553, 1564913324.3554022, 1564913324.3657594, 1564913324.3777795, 1564913324.3878593, 1564913324.3987014, 1564913324.4095595, 1564913324.455537, 1564913324.4655213, 1564913325.225535, 1564913325.335385, 1564913325.3466198, 1564913325.476076, 1564913325.5908878, 1564913325.9090624, 1564913326.238038, 1564913326.3516212, 1564913326.459172, 1564913326.7466607, 1564913327.5295246, 1564913327.9092388, 1564913328.0071938, 1564913328.1042283, 1564913328.2035406, 1564913328.484126, 1564913328.5851784, 1564913328.685044, 1564913328.7873962, 1564913329.2384098, 1564913330.0135171, 1564913330.2115839, 1564913330.329614, 1564913330.4348445, 1564913330.5354002, 1564913330.642005, 1564913330.7485547, 1564913330.8511393, 1564913330.9517772, 1564913331.2932699, 1564913332.063001, 1564913332.2664113, 1564913332.3858514, 1564913332.6727338, 1564913332.7752783, 1564913332.8717766, 1564913333.1600616, 1564913333.271326, 1564913333.5498908, 1564913333.650533, 1564913334.426858, 1564913334.6138768, 1564913334.7420719, 1564913335.0437925, 1564913335.3473933, 1564913335.4535422, 1564913335.5641263, 1564913335.8496778, 1564913336.3161907, 1564913336.4155102, 1564913337.1969588, 1564913337.3962162, 1564913337.715122, 1564913338.0108223, 1564913338.1227372, 1564913338.6180758, 1564913338.725644, 1564913339.040004, 1564913339.174259, 1564913339.2953994, 1564913340.0634155, 1564913340.2606463, 1564913340.3839161, 1564913340.6822276, 1564913341.1003098, 1564913341.1990783, 1564913341.2971668, 1564913341.3948174, 1564913341.4971442, 1564913341.6006203, 1564913342.380301, 1564913342.5646422, 1564913342.681941, 1564913342.9645593, 1564913343.062491, 1564913343.3383336, 1564913343.441377, 1564913343.5400872, 1564913343.6391156, 1564913343.7384503, 1564913345.8804984, 1564913346.068559, 1564913346.3758497, 1564913346.4803066, 1564913346.581232, 1564913346.8581831, 1564913346.9571164, 1564913347.061581, 1564913347.1592798, 1564913347.2594986, 1564913348.0306864, 1564913348.2250104, 1564913348.3444934, 1564913348.4474754, 1564913348.9266765, 1564913349.0291016, 1564913349.1335678, 1564913349.4353771, 1564913349.5369895, 1564913349.6434214, 1564913351.7642016, 1564913351.954305, 1564913352.0749142, 1564913352.398496, 1564913352.507186, 1564913352.626108, 1564913352.7177029, 1564913352.8098824, 1564913352.8969574, 1564913352.9841037, 1564913355.1321278, 1564913355.318178, 1564913355.4107356, 1564913355.4960668, 1564913355.5807238, 1564913355.6653352, 1564913355.7518394, 1564913355.837604, 1564913355.9234097, 1564913356.1602936, 1564913356.9156609, 1564913357.0773087, 1564913357.1698794, 1564913357.4111042, 1564913357.4982977, 1564913357.7358177, 1564913357.822033, 1564913357.909017, 1564913357.9979641, 1564913358.0897183, 1564913358.848975, 1564913359.1682258, 1564913359.252908, 1564913359.4966953, 1564913359.7363002, 1564913359.8209128, 1564913360.0623362, 1564913360.3088052, 1564913360.3931592, 1564913360.780445, 1564913361.550033, 1564913361.7210462, 1564913361.8172016, 1564913362.1931632, 1564913362.4282737, 1564913362.5116582, 1564913362.5956688, 1564913362.6802206, 1564913363.0760407, 1564913363.314204, 1564913365.448743, 1564913365.77021, 1564913365.8550866, 1564913366.091559, 1564913366.1752512, 1564913366.4118173, 1564913366.6485353, 1564913366.7404995, 1564913366.9780104, 1564913367.062936, 1564913367.8328066, 1564913368.1635654, 1564913368.404701, 1564913368.6470094, 1564913368.891934, 1564913369.1303492, 1564913369.3679204, 1564913369.6009865, 1564913369.9783382, 1564913370.2123704, 1564913372.3483894, 1564913372.5071812, 1564913372.6022487, 1564913372.851425, 1564913373.376633, 1564913373.6234019, 1564913373.7085452, 1564913373.7934103, 1564913374.0286968, 1564913374.2653015, 1564913375.0335448, 1564913375.358997, 1564913375.4444563, 1564913375.8243833, 1564913376.312609, 1564913376.549873, 1564913376.7956111, 1564913377.0322049, 1564913377.116347, 1564913377.200555, 1564913379.332222, 1564913379.9140475, 1564913380.151339, 1564913380.8136966, 1564913381.3367343, 1564913381.8554373, 1564913382.3770397, 1564913382.6127195, 1564913383.5153935, 1564913383.602074, 1564913384.3682528, 1564913384.5332365, 1564913384.6298544, 1564913384.7150252, 1564913384.812596, 1564913384.8977623, 1564913384.9823976, 1564913385.0666897, 1564913385.5958009, 1564913385.8312871, 1564913389.2499115, 1564913389.9147382, 1564913390.6020703, 1564913391.1541932, 1564913391.7290475, 1564913391.839389, 1564913392.292028, 1564913392.3985498, 1564913392.9413664, 1564913393.1790195, 1564913396.6163192, 1564913396.7840757, 1564913397.313432, 1564913397.692547, 1564913397.9275734, 1564913398.3135085, 1564913398.5474112, 1564913398.7894607, 1564913399.0275166, 1564913399.4235828, 1564913401.5511098, 1564913402.0219772, 1564913402.2628465, 1564913402.4999588, 1564913402.8872511, 1564913403.1245487, 1564913403.3585348, 1564913403.5930262, 1564913403.8307052, 1564913404.302991, 1564913406.4344785, 1564913407.3166466, 1564913407.7838204, 1564913408.175463, 1564913408.4892924, 1564913408.5903773, 1564913408.8771849, 1564913408.9772854, 1564913409.2645874, 1564913409.548312, 1564913416.5032594, 1564913417.0140352, 1564913417.2633927, 1564913417.5228462, 1564913417.6128912, 1564913417.8613777, 1564913418.4112186, 1564913418.8031905, 1564913419.1913743, 1564913419.5823727, 1564913421.7189262, 1564913422.1939728, 1564913422.7327392, 1564913423.139686, 1564913423.6723058, 1564913425.0863576, 1564913425.1794286, 1564913425.4365904, 1564913425.5223267, 1564913426.0762854, 1564913430.7361543, 1564913431.2170186, 1564913431.4586806, 1564913431.844227, 1564913432.3688521, 1564913432.607754, 1564913433.0931249, 1564913433.1807222, 1564913433.56382, 1564913434.0859935, 1564913436.2197485, 1564913436.3830552, 1564913436.6380792, 1564913436.8846574, 1564913437.1227477, 1564913437.3740537, 1564913438.2719243, 1564913438.5117443, 1564913438.7497704, 1564913438.9962082, 1564913439.7536776, 1564913440.3735828, 1564913440.7564206, 1564913442.0570858, 1564913442.1445796, 1564913442.3845067, 1564913442.6211183, 1564913442.7062902, 1564913442.7978134, 1564913443.036617, 1564913443.8132615, 1564913443.965437, 1564913444.0624175, 1564913444.1491082, 1564913444.2347724, 1564913444.7616963, 1564913445.0099258, 1564913445.0953662, 1564913445.1813202, 1564913445.2673774, 1564913446.0358403, 1564913446.3723638, 1564913446.458047, 1564913446.6967762, 1564913446.9498415, 1564913447.0357656, 1564913447.7002146, 1564913447.786964, 1564913448.0266762, 1564913448.2708168, 1564913450.46895, 1564913450.8204043, 1564913451.0756032, 1564913451.3570194, 1564913452.022471, 1564913452.2646096, 1564913452.350431, 1564913452.5878925, 1564913452.8417666, 1564913453.082321, 1564913455.2202644, 1564913455.8376687, 1564913456.0766025, 1564913456.6040158, 1564913456.9355662, 1564913457.3240635, 1564913457.5645618, 1564913457.961933, 1564913458.3465116, 1564913458.8745813, 1564913462.3142712, 1564913462.7810361, 1564913463.4083364, 1564913463.843174, 1564913464.4238672, 1564913465.0156615, 1564913466.1871705, 1564913467.1820195, 1564913468.620593, 1564913469.473332, 1564913475.304534, 1564913476.116231, 1564913476.9409914, 1564913477.5714064, 1564913478.66347, 1564913479.608048, 1564913480.0700727, 1564913480.346396, 1564913480.963464, 1564913481.267768, 1564913484.706658, 1564913485.4777172, 1564913486.1128201, 1564913487.3516076, 1564913488.0052357, 1564913488.4816363, 1564913489.8537095, 1564913490.339954, 1564913490.9996397, 1564913491.6287513, 1564913501.4724302, 1564913502.211057, 1564913503.710359, 1564913504.1554756, 1564913505.2081122, 1564913505.6685658, 1564913506.233324, 1564913508.2075384, 1564913510.1773736, 1564913510.2764587, 1564913513.7244096, 1564913514.8422658, 1564913515.1476398, 1564913516.423233, 1564913516.7136567, 1564913517.0002947, 1564913517.297598, 1564913517.6140697, 1564913517.7219076, 1564913518.5170672, 1564913525.4681313, 