{"timestamps": [1565350241.599341, 1565350242.305706], "initial_reset_timestamp": 1565350226.104865, "episode_types": ["t", "t", "t"], "episode_lengths": [454, 211], "episode_rewards": [5.0, 2.0]}