{"timestamps": [1565367979.798457, 1565367979.892278, 1565367979.904221, 1565367979.912423, 1565367979.92178, 1565367979.93738, 1565367979.943542, 1565367979.95418, 1565367979.996097, 1565367980.020918, 1565367981.527564, 1565367981.654806, 1565367981.855493, 1565367981.95786, 1565367982.191156, 1565367982.757272, 1565367983.113112, 1565367983.586022, 1565367984.092693, 1565367984.506617, 1565367992.234798, 1565367993.022036, 1565367993.631581, 1565367994.411965, 1565367995.244108, 1565367995.83387, 1565367996.359466, 1565367996.847764, 1565367997.337646], "initial_reset_timestamp": 1565367977.692837, "episode_types": ["t", "t", "t", "t", "t", "t", "t", "t", "t", "t", "t", "t", "t", "t", "t", "t", "t", "t", "t", "t", "t", "t", "t", "t", "t", "t", "t", "t", "t", "t"], "episode_lengths": [51, 14, 33, 22, 26, 43, 17, 30, 118, 58, 45, 48, 35, 19, 43, 101, 65, 87, 93, 76, 232, 124, 109, 134, 131, 101, 79, 81, 80], "episode_rewards": [50.0, 13.0, 32.0, 21.0, 25.0, 42.0, 16.0, 29.0, 117.0, 57.0, 44.0, 47.0, 34.0, 18.0, 42.0, 100.0, 64.0, 86.0, 92.0, 75.0, 231.0, 123.0, 108.0, 133.0, 130.0, 100.0, 78.0, 80.0, 79.0]}