{"timestamps": [1565205150.798978, 1565205150.936478, 1565205150.942496, 1565205150.972418, 1565205150.980835, 1565205151.013124, 1565205151.41511, 1565205153.649977, 1565205154.656161, 1565205155.997942, 1565205161.137649, 1565205162.10756, 1565205163.193455, 1565205163.860826, 1565205167.444684, 1565205168.707864, 1565205170.256997, 1565205173.622203, 1565205176.371576, 1565205177.696962, 1565205186.471507, 1565205188.243552, 1565205190.033652, 1565205191.724955, 1565205195.70961, 1565205202.540912, 1565205205.532241, 1565205207.93159, 1565205210.400947, 1565205212.952863, 1565205222.538983, 1565205224.793293, 1565205226.996234, 1565205228.832974, 1565205230.718761, 1565205232.645274, 1565205234.237912, 1565205235.905567, 1565205237.902225, 1565205239.698903, 1565205248.590521, 1565205250.684865, 1565205252.650191, 1565205255.101347, 1565205259.496751, 1565205263.2402, 1565205266.22384, 1565205268.357655, 1565205280.975309, 1565205284.925853, 1565205317.277233, 1565205322.40806], "initial_reset_timestamp": 1565205149.652914, "episode_types": ["t", "t", "t", "t", "t", "t", "t", "t", "t", "t", "t", "t", "t", "t", "t", "t", "t", "t", "t", "t", "t", "t", "t", "t", "t", "t", "t", "t", "t", "t", "t", "t", "t", "t", "t", "t", "t", "t", "t", "t", "t", "t", "t", "t", "t", "t", "t", "t", "t", "t", "t", "t", "t"], "episode_lengths": [32, 96, 16, 70, 23, 76, 227, 293, 130, 176, 153, 120, 152, 92, 464, 161, 203, 450, 354, 176, 263, 225, 223, 226, 500, 902, 383, 295, 296, 301, 287, 274, 267, 237, 215, 227, 216, 214, 232, 209, 266, 265, 263, 327, 530, 469, 375, 289, 1612, 532, 970, 649], "episode_rewards": [31.0, 95.0, 15.0, 69.0, 22.0, 75.0, 226.0, 292.0, 129.0, 175.0, 152.0, 119.0, 151.0, 91.0, 463.0, 160.0, 202.0, 449.0, 353.0, 175.0, 262.0, 224.0, 222.0, 225.0, 499.0, 901.0, 382.0, 294.0, 295.0, 300.0, 286.0, 273.0, 266.0, 236.0, 214.0, 226.0, 215.0, 213.0, 231.0, 208.0, 265.0, 264.0, 262.0, 326.0, 529.0, 468.0, 374.0, 288.0, 1611.0, 531.0, 969.0, 648.0]}